"year","association","sport_label","men_revenue","women_revenue","total_revenue"
"2000-2001","NCAA Division I-A","Basketball",425903524,47943898,473847422
"2000-2001","NCAA Division I-A","Football",1236418827,0,1236418827
"2000-2001","NCAA Division I-A","Non Football-Basketball",94655270,87200861,181856131
"2000-2001","NCAA Division I-AA","Basketball",57321356,22487872,79809228
"2000-2001","NCAA Division I-AA","Football",87478038,0,87478038
"2000-2001","NCAA Division I-AA","Non Football-Basketball",46198438,50101842,96300280
"2000-2001","NCAA Division I-AAA","Basketball",78651157,31147502,109798659
"2000-2001","NCAA Division I-AAA","Football",3580527,0,3580527
"2000-2001","NCAA Division I-AAA","Non Football-Basketball",64611023,57336392,121947415
"2000-2001","NCAA Division II","Basketball",32389033,25449610,57838643
"2000-2001","NCAA Division II","Football",40472907,0,40472907
"2000-2001","NCAA Division II","Non Football-Basketball",57165638,54449387,111615025
"2000-2001","NCAA Division III","Basketball",15689368,13731699,29421067
"2000-2001","NCAA Division III","Football",26626483,0,26626483
"2000-2001","NCAA Division III","Non Football-Basketball",54241688,47247185,101488873
"2001-2002","NCAA Division I-A","Basketball",464336084,49545294,513881378
"2001-2002","NCAA Division I-A","Football",1322282173,0,1322282173
"2001-2002","NCAA Division I-A","Non Football-Basketball",110124145,104540702,214664847
"2001-2002","NCAA Division I-AA","Basketball",68196746,28042987,96239733
"2001-2002","NCAA Division I-AA","Football",97044182,0,97044182
"2001-2002","NCAA Division I-AA","Non Football-Basketball",54986248,63013350,117999598
"2001-2002","NCAA Division I-AAA","Basketball",81474240,35440185,116914425
"2001-2002","NCAA Division I-AAA","Football",6172147,0,6172147
"2001-2002","NCAA Division I-AAA","Non Football-Basketball",73750475,68940384,142690859
"2001-2002","NCAA Division II","Basketball",39197937,31889197,71087134
"2001-2002","NCAA Division II","Football",46651328,0,46651328
"2001-2002","NCAA Division II","Non Football-Basketball",65437898,66077860,131515758
"2001-2002","NCAA Division III","Basketball",17781984,14272833,32054817
"2001-2002","NCAA Division III","Football",29011817,0,29011817
"2001-2002","NCAA Division III","Non Football-Basketball",60142853,54013312,114156165
"2002-2003","NCAA Division I-A","Basketball",506689730,72446922,579136652
"2002-2003","NCAA Division I-A","Football",1484517494,0,1484517494
"2002-2003","NCAA Division I-A","Non Football-Basketball",120393472,135337444,255730916
"2002-2003","NCAA Division I-AA","Basketball",84775646,42599788,127375434
"2002-2003","NCAA Division I-AA","Football",133529250,0,133529250
"2002-2003","NCAA Division I-AA","Non Football-Basketball",75860286,96040800,171901086
"2002-2003","NCAA Division I-AAA","Basketball",105491336,48118602,153609938
"2002-2003","NCAA Division I-AAA","Football",11179008,0,11179008
"2002-2003","NCAA Division I-AAA","Non Football-Basketball",93199354,94374165,187573519
"2002-2003","NCAA Division II","Basketball",54368222,45665434,100033656
"2002-2003","NCAA Division II","Football",69129836,0,69129836
"2002-2003","NCAA Division II","Non Football-Basketball",92567685,98908229,191475914
"2002-2003","NCAA Division III","Basketball",25795226,21975769,47770995
"2002-2003","NCAA Division III","Football",40756553,0,40756553
"2002-2003","NCAA Division III","Non Football-Basketball",86445769,81952904,168398673
"2003-2004","NCAA Division I-A","Basketball",519556645,68362538,587919183
"2003-2004","NCAA Division I-A","Football",1573782123,0,1573782123
"2003-2004","NCAA Division I-A","Non Football-Basketball",115142982,118725926,233868908
"2003-2004","NCAA Division I-AA","Basketball",87891001,42145289,130036290
"2003-2004","NCAA Division I-AA","Football",143822236,0,143822236
"2003-2004","NCAA Division I-AA","Non Football-Basketball",82979216,99247071,182226287
"2003-2004","NCAA Division I-AAA","Basketball",112410359,51479425,163889784
"2003-2004","NCAA Division I-AAA","Football",8699119,0,8699119
"2003-2004","NCAA Division I-AAA","Non Football-Basketball",100069379,105710294,205779673
"2003-2004","NCAA Division II","Basketball",54305632,46322723,100628355
"2003-2004","NCAA Division II","Football",72511639,0,72511639
"2003-2004","NCAA Division II","Non Football-Basketball",101002343,104831529,205833872
"2003-2004","NCAA Division III","Basketball",27672034,23215276,50887310
"2003-2004","NCAA Division III","Football",42063313,0,42063313
"2003-2004","NCAA Division III","Non Football-Basketball",90591927,88452697,179044624
"2004-2005","NCAA Division I-A","Basketball",555534734,79256137,634790871
"2004-2005","NCAA Division I-A","Football",1619692196,0,1619692196
"2004-2005","NCAA Division I-A","Non Football-Basketball",126744829,134173579,260918408
"2004-2005","NCAA Division I-AA","Basketball",98144207,51691301,149835508
"2004-2005","NCAA Division I-AA","Football",168560874,0,168560874
"2004-2005","NCAA Division I-AA","Non Football-Basketball",100311300,122010323,222321623
"2004-2005","NCAA Division I-AAA","Basketball",122449828,59308651,181758479
"2004-2005","NCAA Division I-AAA","Football",7392302,0,7392302
"2004-2005","NCAA Division I-AAA","Non Football-Basketball",114430178,120120942,234551120
"2004-2005","NCAA Division II","Basketball",68975183,70780498,139755681
"2004-2005","NCAA Division II","Football",92797352,0,92797352
"2004-2005","NCAA Division II","Non Football-Basketball",128927937,138283715,267211652
"2004-2005","NCAA Division III","Basketball",32832014,26863272,59695286
"2004-2005","NCAA Division III","Football",49364722,0,49364722
"2004-2005","NCAA Division III","Non Football-Basketball",105917808,101914900,207832708
"2005-2006","NCAA Division I-A","Basketball",593651532,95439485,689091017
"2005-2006","NCAA Division I-A","Football",1819622292,0,1819622292
"2005-2006","NCAA Division I-A","Non Football-Basketball",157933111,161745534,319678645
"2005-2006","NCAA Division I-AA","Basketball",114856251,58879444,173735695
"2005-2006","NCAA Division I-AA","Football",190150413,0,190150413
"2005-2006","NCAA Division I-AA","Non Football-Basketball",116812527,144505614,261318141
"2005-2006","NCAA Division I-AAA","Basketball",138860627,68110182,206970809
"2005-2006","NCAA Division I-AAA","Football",8545283,0,8545283
"2005-2006","NCAA Division I-AAA","Non Football-Basketball",133180537,140707681,273888218
"2005-2006","NCAA Division II","Basketball",80899619,68610867,149510486
"2005-2006","NCAA Division II","Football",109362747,0,109362747
"2005-2006","NCAA Division II","Non Football-Basketball",157964131,166718385,324682516
"2005-2006","NCAA Division III","Basketball",35701891,30541058,66242949
"2005-2006","NCAA Division III","Football",55916115,0,55916115
"2005-2006","NCAA Division III","Non Football-Basketball",116435991,116032730,232468721
"2006-2007","NCAA Division I-A","Basketball",631899999,92950030,724850029
"2006-2007","NCAA Division I-A","Football",2053565928,0,2053565928
"2006-2007","NCAA Division I-A","Non Football-Basketball",169041508,205116780,374158288
"2006-2007","NCAA Division I-AA","Basketball",129852617,66201839,196054456
"2006-2007","NCAA Division I-AA","Football",213797528,0,213797528
"2006-2007","NCAA Division I-AA","Non Football-Basketball",135092494,171399148,306491642
"2006-2007","NCAA Division I-AAA","Basketball",153849436,77157118,231006554
"2006-2007","NCAA Division I-AAA","Football",8670402,0,8670402
"2006-2007","NCAA Division I-AAA","Non Football-Basketball",147896342,163211502,311107844
"2006-2007","NCAA Division II","Basketball",88150726,76569111,164719837
"2006-2007","NCAA Division II","Football",123704327,0,123704327
"2006-2007","NCAA Division II","Non Football-Basketball",172264026,187138476,359402502
"2006-2007","NCAA Division III","Basketball",36699623,32823166,69522789
"2006-2007","NCAA Division III","Football",61540860,0,61540860
"2006-2007","NCAA Division III","Non Football-Basketball",125970182,125730309,251700491
"2007-2008","NCAA Division I-A","Basketball",715162712,116767867,831930579
"2007-2008","NCAA Division I-A","Football",NA,0,NA
"2007-2008","NCAA Division I-A","Non Football-Basketball",225831927,300814238,526646165
"2007-2008","NCAA Division I-AA","Basketball",142108749,81779299,223888048
"2007-2008","NCAA Division I-AA","Football",244797010,0,244797010
"2007-2008","NCAA Division I-AA","Non Football-Basketball",185072746,247902382,432975128
"2007-2008","NCAA Division I-AAA","Basketball",164002943,87391218,251394161
"2007-2008","NCAA Division I-AAA","Football",8194847,0,8194847
"2007-2008","NCAA Division I-AAA","Non Football-Basketball",186042564,209488326,395530890
"2007-2008","NCAA Division II","Basketball",98768265,86385860,185154125
"2007-2008","NCAA Division II","Football",139552735,0,139552735
"2007-2008","NCAA Division II","Non Football-Basketball",210965573,238907479,449873052
"2007-2008","NCAA Division III","Basketball",43266805,37952070,81218875
"2007-2008","NCAA Division III","Football",70260962,0,70260962
"2007-2008","NCAA Division III","Non Football-Basketball",160439962,162207144,322647106
"2008-2009","NCAA Division I-A","Basketball",734610100,119333990,853944090
"2008-2009","NCAA Division I-A","Football",NA,0,NA
"2008-2009","NCAA Division I-A","Non Football-Basketball",210427830,271417795,481845625
"2008-2009","NCAA Division I-AA","Basketball",160871618,93372600,254244218
"2008-2009","NCAA Division I-AA","Football",278095883,0,278095883
"2008-2009","NCAA Division I-AA","Non Football-Basketball",169317569,232411672,401729241
"2008-2009","NCAA Division I-AAA","Basketball",183264893,98047130,281312023
"2008-2009","NCAA Division I-AAA","Football",9529978,0,9529978
"2008-2009","NCAA Division I-AAA","Non Football-Basketball",179632069,207354509,386986578
"2008-2009","NCAA Division II","Basketball",107867971,94690324,202558295
"2008-2009","NCAA Division II","Football",150793166,0,150793166
"2008-2009","NCAA Division II","Non Football-Basketball",210339235,246388345,456727580
"2008-2009","NCAA Division III","Basketball",47042099,40637754,87679853
"2008-2009","NCAA Division III","Football",76769285,0,76769285
"2008-2009","NCAA Division III","Non Football-Basketball",163481905,166011813,329493718
"2009-2010","NCAA Division I-A","Basketball",808819858,139986266,948806124
"2009-2010","NCAA Division I-A","Football",NA,0,NA
"2009-2010","NCAA Division I-A","Non Football-Basketball",243008665,321305805,564314470
"2009-2010","NCAA Division I-AA","Basketball",179586078,104149481,283735559
"2009-2010","NCAA Division I-AA","Football",303235111,0,303235111
"2009-2010","NCAA Division I-AA","Non Football-Basketball",185139086,267366738,452505824
"2009-2010","NCAA Division I-AAA","Basketball",199089657,106286109,305375766
"2009-2010","NCAA Division I-AAA","Football",8608605,0,8608605
"2009-2010","NCAA Division I-AAA","Non Football-Basketball",194961294,227066044,422027338
"2009-2010","NCAA Division II","Basketball",113552237,100900484,214452721
"2009-2010","NCAA Division II","Football",163733219,0,163733219
"2009-2010","NCAA Division II","Non Football-Basketball",222179667,264465490,486645157
"2009-2010","NCAA Division III","Basketball",47600159,41178288,88778447
"2009-2010","NCAA Division III","Football",79157879,0,79157879
"2009-2010","NCAA Division III","Non Football-Basketball",167013712,171209894,338223606
"2010-2011","NCAA Division I-A","Basketball",832900236,148533703,981433939
"2010-2011","NCAA Division I-A","Football",NA,0,NA
"2010-2011","NCAA Division I-A","Non Football-Basketball",265033891,361468689,626502580
"2010-2011","NCAA Division I-AA","Basketball",177897482,110591985,288489467
"2010-2011","NCAA Division I-AA","Football",328388296,0,328388296
"2010-2011","NCAA Division I-AA","Non Football-Basketball",194062881,289722863,483785744
"2010-2011","NCAA Division I-AAA","Basketball",215725658,115176862,330902520
"2010-2011","NCAA Division I-AAA","Football",1416315,0,1416315
"2010-2011","NCAA Division I-AAA","Non Football-Basketball",207843384,246450395,454293779
"2010-2011","NCAA Division II","Basketball",120402803,105905123,226307926
"2010-2011","NCAA Division II","Football",175046092,0,175046092
"2010-2011","NCAA Division II","Non Football-Basketball",245485765,286050653,531536418
"2010-2011","NCAA Division III","Basketball",49771673,43273972,93045645
"2010-2011","NCAA Division III","Football",84934003,0,84934003
"2010-2011","NCAA Division III","Non Football-Basketball",178486914,182128355,360615269
"2011-2012","NCAA Division I-A","Basketball",894049146,173872882,1067922028
"2011-2012","NCAA Division I-A","Football",NA,0,NA
"2011-2012","NCAA Division I-A","Non Football-Basketball",304473445,451276277,755749722
"2011-2012","NCAA Division I-AA","Basketball",193827547,121685215,315512762
"2011-2012","NCAA Division I-AA","Football",368095402,0,368095402
"2011-2012","NCAA Division I-AA","Non Football-Basketball",204732843,314216301,518949144
"2011-2012","NCAA Division I-AAA","Basketball",225562016,123684797,349246813
"2011-2012","NCAA Division I-AAA","Non Football-Basketball",220866678,263777822,484644500
"2011-2012","NCAA Division II","Basketball",129568971,116082390,245651361
"2011-2012","NCAA Division II","Football",189825228,0,189825228
"2011-2012","NCAA Division II","Non Football-Basketball",269207396,319226592,588433988
"2011-2012","NCAA Division III","Basketball",53414135,45811705,99225840
"2011-2012","NCAA Division III","Football",90995705,0,90995705
"2011-2012","NCAA Division III","Non Football-Basketball",197938128,198833492,396771620
"2012-2013","NCAA Division I-A","Basketball",938502106,198380229,1136882335
"2012-2013","NCAA Division I-A","Football",NA,0,NA
"2012-2013","NCAA Division I-A","Non Football-Basketball",331407784,462459180,793866964
"2012-2013","NCAA Division I-AA","Basketball",201494515,127401550,328896065
"2012-2013","NCAA Division I-AA","Football",383488229,0,383488229
"2012-2013","NCAA Division I-AA","Non Football-Basketball",219558199,338158143,557716342
"2012-2013","NCAA Division I-AAA","Basketball",242529089,131515885,374044974
"2012-2013","NCAA Division I-AAA","Football",1095464,0,1095464
"2012-2013","NCAA Division I-AAA","Non Football-Basketball",242368740,286940507,529309247
"2012-2013","NCAA Division II","Basketball",138215176,121761051,259976227
"2012-2013","NCAA Division II","Football",202133504,0,202133504
"2012-2013","NCAA Division II","Non Football-Basketball",289348992,343015288,632364280
"2012-2013","NCAA Division III","Basketball",55093519,47418123,102511642
"2012-2013","NCAA Division III","Football",93642854,0,93642854
"2012-2013","NCAA Division III","Non Football-Basketball",208074467,213225661,421300128
