"year","conference","association","sport_label","men_revenue","women_revenue","total_revenue"
"2000-2001","Atlantic Coast Conference","NCAA Division I-A","Basketball",87117280,3371236,90488516
"2000-2001","Atlantic Coast Conference","NCAA Division I-A","Football",174225605,0,174225605
"2000-2001","Atlantic Coast Conference","NCAA Division I-A","Non Football-Basketball",11641923,9703678,21345601
"2000-2001","Big 12 Conference","NCAA Division I-A","Basketball",35033722,4153392,39187114
"2000-2001","Big 12 Conference","NCAA Division I-A","Football",118572258,0,118572258
"2000-2001","Big 12 Conference","NCAA Division I-A","Non Football-Basketball",4243912,2481553,6725465
"2000-2001","Big Ten Conference","NCAA Division I-A","Basketball",93189316,4749000,97938316
"2000-2001","Big Ten Conference","NCAA Division I-A","Football",223608703,0,223608703
"2000-2001","Big Ten Conference","NCAA Division I-A","Non Football-Basketball",22112339,11617805,33730144
"2000-2001","Other","NCAA Division I-A","Basketball",77459723,19059178,96518901
"2000-2001","Other","NCAA Division I-A","Football",188106440,0,188106440
"2000-2001","Other","NCAA Division I-A","Non Football-Basketball",29369614,38534422,67904036
"2000-2001","Other","NCAA Division I-AA","Basketball",57321356,22487872,79809228
"2000-2001","Other","NCAA Division I-AA","Football",87478038,0,87478038
"2000-2001","Other","NCAA Division I-AA","Non Football-Basketball",46198438,50101842,96300280
"2000-2001","Other","NCAA Division I-AAA","Basketball",78651157,31147502,109798659
"2000-2001","Other","NCAA Division I-AAA","Football",3580527,0,3580527
"2000-2001","Other","NCAA Division I-AAA","Non Football-Basketball",64611023,57336392,121947415
"2000-2001","Other","NCAA Division II","Basketball",32389033,25449610,57838643
"2000-2001","Other","NCAA Division II","Football",40472907,0,40472907
"2000-2001","Other","NCAA Division II","Non Football-Basketball",57165638,54449387,111615025
"2000-2001","Other","NCAA Division III","Basketball",15689368,13731699,29421067
"2000-2001","Other","NCAA Division III","Football",26626483,0,26626483
"2000-2001","Other","NCAA Division III","Non Football-Basketball",54241688,47247185,101488873
"2000-2001","Pacific-12 Conference","NCAA Division I-A","Basketball",57549985,7035586,64585571
"2000-2001","Pacific-12 Conference","NCAA Division I-A","Football",185807807,0,185807807
"2000-2001","Pacific-12 Conference","NCAA Division I-A","Non Football-Basketball",11869798,14369059,26238857
"2000-2001","Southeastern Conference","NCAA Division I-A","Basketball",75553498,9575506,85129004
"2000-2001","Southeastern Conference","NCAA Division I-A","Football",346098014,0,346098014
"2000-2001","Southeastern Conference","NCAA Division I-A","Non Football-Basketball",15417684,10494344,25912028
"2001-2002","Atlantic Coast Conference","NCAA Division I-A","Basketball",95768306,3514792,99283098
"2001-2002","Atlantic Coast Conference","NCAA Division I-A","Football",186293414,0,186293414
"2001-2002","Atlantic Coast Conference","NCAA Division I-A","Non Football-Basketball",13563267,15565540,29128807
"2001-2002","Big 12 Conference","NCAA Division I-A","Basketball",44318112,5391168,49709280
"2001-2002","Big 12 Conference","NCAA Division I-A","Football",127559148,0,127559148
"2001-2002","Big 12 Conference","NCAA Division I-A","Non Football-Basketball",5290396,3365270,8655666
"2001-2002","Big Ten Conference","NCAA Division I-A","Basketball",106209296,4947747,111157043
"2001-2002","Big Ten Conference","NCAA Division I-A","Football",277298740,0,277298740
"2001-2002","Big Ten Conference","NCAA Division I-A","Non Football-Basketball",26157132,11203449,37360581
"2001-2002","Other","NCAA Division I-A","Basketball",82963992,20100675,103064667
"2001-2002","Other","NCAA Division I-A","Football",184191070,0,184191070
"2001-2002","Other","NCAA Division I-A","Non Football-Basketball",37636620,44951554,82588174
"2001-2002","Other","NCAA Division I-AA","Basketball",68196746,28042987,96239733
"2001-2002","Other","NCAA Division I-AA","Football",97044182,0,97044182
"2001-2002","Other","NCAA Division I-AA","Non Football-Basketball",54986248,63013350,117999598
"2001-2002","Other","NCAA Division I-AAA","Basketball",81474240,35440185,116914425
"2001-2002","Other","NCAA Division I-AAA","Football",6172147,0,6172147
"2001-2002","Other","NCAA Division I-AAA","Non Football-Basketball",73750475,68940384,142690859
"2001-2002","Other","NCAA Division II","Basketball",39197937,31889197,71087134
"2001-2002","Other","NCAA Division II","Football",46651328,0,46651328
"2001-2002","Other","NCAA Division II","Non Football-Basketball",65437898,66077860,131515758
"2001-2002","Other","NCAA Division III","Basketball",17781984,14272833,32054817
"2001-2002","Other","NCAA Division III","Football",29011817,0,29011817
"2001-2002","Other","NCAA Division III","Non Football-Basketball",60142853,54013312,114156165
"2001-2002","Pacific-12 Conference","NCAA Division I-A","Basketball",58136867,7166009,65302876
"2001-2002","Pacific-12 Conference","NCAA Division I-A","Football",188786955,0,188786955
"2001-2002","Pacific-12 Conference","NCAA Division I-A","Non Football-Basketball",11605507,16430257,28035764
"2001-2002","Southeastern Conference","NCAA Division I-A","Basketball",76939511,8424903,85364414
"2001-2002","Southeastern Conference","NCAA Division I-A","Football",358152846,0,358152846
"2001-2002","Southeastern Conference","NCAA Division I-A","Non Football-Basketball",15871223,13024632,28895855
"2002-2003","Atlantic Coast Conference","NCAA Division I-A","Basketball",110074045,4096629,114170674
"2002-2003","Atlantic Coast Conference","NCAA Division I-A","Football",205163989,0,205163989
"2002-2003","Atlantic Coast Conference","NCAA Division I-A","Non Football-Basketball",11159034,10545420,21704454
"2002-2003","Big 12 Conference","NCAA Division I-A","Basketball",48526276,9528683,58054959
"2002-2003","Big 12 Conference","NCAA Division I-A","Football",162278898,0,162278898
"2002-2003","Big 12 Conference","NCAA Division I-A","Non Football-Basketball",9732906,8666727,18399633
"2002-2003","Big Ten Conference","NCAA Division I-A","Basketball",114075441,5660990,119736431
"2002-2003","Big Ten Conference","NCAA Division I-A","Football",329101315,0,329101315
"2002-2003","Big Ten Conference","NCAA Division I-A","Non Football-Basketball",26567198,14034352,40601550
"2002-2003","Other","NCAA Division I-A","Basketball",91293057,30000758,121293815
"2002-2003","Other","NCAA Division I-A","Football",231186842,0,231186842
"2002-2003","Other","NCAA Division I-A","Non Football-Basketball",40148109,59740983,99889092
"2002-2003","Other","NCAA Division I-AA","Basketball",84775646,42599788,127375434
"2002-2003","Other","NCAA Division I-AA","Football",133529250,0,133529250
"2002-2003","Other","NCAA Division I-AA","Non Football-Basketball",75860286,96040800,171901086
"2002-2003","Other","NCAA Division I-AAA","Basketball",105491336,48118602,153609938
"2002-2003","Other","NCAA Division I-AAA","Football",11179008,0,11179008
"2002-2003","Other","NCAA Division I-AAA","Non Football-Basketball",93199354,94374165,187573519
"2002-2003","Other","NCAA Division II","Basketball",54368222,45665434,100033656
"2002-2003","Other","NCAA Division II","Football",69129836,0,69129836
"2002-2003","Other","NCAA Division II","Non Football-Basketball",92567685,98908229,191475914
"2002-2003","Other","NCAA Division III","Basketball",25795226,21975769,47770995
"2002-2003","Other","NCAA Division III","Football",40756553,0,40756553
"2002-2003","Other","NCAA Division III","Non Football-Basketball",86445769,81952904,168398673
"2002-2003","Pacific-12 Conference","NCAA Division I-A","Basketball",63276798,7487392,70764190
"2002-2003","Pacific-12 Conference","NCAA Division I-A","Football",212018695,0,212018695
"2002-2003","Pacific-12 Conference","NCAA Division I-A","Non Football-Basketball",11596777,15789823,27386600
"2002-2003","Southeastern Conference","NCAA Division I-A","Basketball",79444113,15672470,95116583
"2002-2003","Southeastern Conference","NCAA Division I-A","Football",344767755,0,344767755
"2002-2003","Southeastern Conference","NCAA Division I-A","Non Football-Basketball",21189448,26560139,47749587
"2003-2004","Atlantic Coast Conference","NCAA Division I-A","Basketball",108850751,6315148,115165899
"2003-2004","Atlantic Coast Conference","NCAA Division I-A","Football",217998787,0,217998787
"2003-2004","Atlantic Coast Conference","NCAA Division I-A","Non Football-Basketball",14816509,15489253,30305762
"2003-2004","Big 12 Conference","NCAA Division I-A","Basketball",58262991,10740865,69003856
"2003-2004","Big 12 Conference","NCAA Division I-A","Football",186443830,0,186443830
"2003-2004","Big 12 Conference","NCAA Division I-A","Non Football-Basketball",12319754,11009355,23329109
"2003-2004","Big Ten Conference","NCAA Division I-A","Basketball",115603504,6784260,122387764
"2003-2004","Big Ten Conference","NCAA Division I-A","Football",321724686,0,321724686
"2003-2004","Big Ten Conference","NCAA Division I-A","Non Football-Basketball",26527810,14355060,40882870
"2003-2004","Other","NCAA Division I-A","Basketball",92864034,29916674,122780708
"2003-2004","Other","NCAA Division I-A","Football",246722492,0,246722492
"2003-2004","Other","NCAA Division I-A","Non Football-Basketball",38133903,56313396,94447299
"2003-2004","Other","NCAA Division I-AA","Basketball",87891001,42145289,130036290
"2003-2004","Other","NCAA Division I-AA","Football",143822236,0,143822236
"2003-2004","Other","NCAA Division I-AA","Non Football-Basketball",82979216,99247071,182226287
"2003-2004","Other","NCAA Division I-AAA","Basketball",112410359,51479425,163889784
"2003-2004","Other","NCAA Division I-AAA","Football",8699119,0,8699119
"2003-2004","Other","NCAA Division I-AAA","Non Football-Basketball",100069379,105710294,205779673
"2003-2004","Other","NCAA Division II","Basketball",54305632,46322723,100628355
"2003-2004","Other","NCAA Division II","Football",72511639,0,72511639
"2003-2004","Other","NCAA Division II","Non Football-Basketball",101002343,104831529,205833872
"2003-2004","Other","NCAA Division III","Basketball",27672034,23215276,50887310
"2003-2004","Other","NCAA Division III","Football",42063313,0,42063313
"2003-2004","Other","NCAA Division III","Non Football-Basketball",90591927,88452697,179044624
"2003-2004","Pacific-12 Conference","NCAA Division I-A","Basketball",60541175,6165942,66707117
"2003-2004","Pacific-12 Conference","NCAA Division I-A","Football",204532445,0,204532445
"2003-2004","Pacific-12 Conference","NCAA Division I-A","Non Football-Basketball",10657811,13010828,23668639
"2003-2004","Southeastern Conference","NCAA Division I-A","Basketball",83434190,8439649,91873839
"2003-2004","Southeastern Conference","NCAA Division I-A","Football",396359883,0,396359883
"2003-2004","Southeastern Conference","NCAA Division I-A","Non Football-Basketball",12687195,8548034,21235229
"2004-2005","Atlantic Coast Conference","NCAA Division I-A","Basketball",126072811,11097640,137170451
"2004-2005","Atlantic Coast Conference","NCAA Division I-A","Football",218616065,0,218616065
"2004-2005","Atlantic Coast Conference","NCAA Division I-A","Non Football-Basketball",14507108,18018057,32525165
"2004-2005","Big 12 Conference","NCAA Division I-A","Basketball",60733611,12462935,73196546
"2004-2005","Big 12 Conference","NCAA Division I-A","Football",192191371,0,192191371
"2004-2005","Big 12 Conference","NCAA Division I-A","Non Football-Basketball",13729761,12800524,26530285
"2004-2005","Big Ten Conference","NCAA Division I-A","Basketball",123831975,10543846,134375821
"2004-2005","Big Ten Conference","NCAA Division I-A","Football",346923841,0,346923841
"2004-2005","Big Ten Conference","NCAA Division I-A","Non Football-Basketball",34913934,21000989,55914923
"2004-2005","Other","NCAA Division I-A","Basketball",93336229,29893618,123229847
"2004-2005","Other","NCAA Division I-A","Football",237869764,0,237869764
"2004-2005","Other","NCAA Division I-A","Non Football-Basketball",36189462,56320091,92509553
"2004-2005","Other","NCAA Division I-AA","Basketball",98144207,51691301,149835508
"2004-2005","Other","NCAA Division I-AA","Football",168560874,0,168560874
"2004-2005","Other","NCAA Division I-AA","Non Football-Basketball",100311300,122010323,222321623
"2004-2005","Other","NCAA Division I-AAA","Basketball",122449828,59308651,181758479
"2004-2005","Other","NCAA Division I-AAA","Football",7392302,0,7392302
"2004-2005","Other","NCAA Division I-AAA","Non Football-Basketball",114430178,120120942,234551120
"2004-2005","Other","NCAA Division II","Basketball",68975183,70780498,139755681
"2004-2005","Other","NCAA Division II","Football",92797352,0,92797352
"2004-2005","Other","NCAA Division II","Non Football-Basketball",128927937,138283715,267211652
"2004-2005","Other","NCAA Division III","Basketball",32832014,26863272,59695286
"2004-2005","Other","NCAA Division III","Football",49364722,0,49364722
"2004-2005","Other","NCAA Division III","Non Football-Basketball",105917808,101914900,207832708
"2004-2005","Pacific-12 Conference","NCAA Division I-A","Basketball",64328313,6129160,70457473
"2004-2005","Pacific-12 Conference","NCAA Division I-A","Football",216888235,0,216888235
"2004-2005","Pacific-12 Conference","NCAA Division I-A","Non Football-Basketball",12061423,14533168,26594591
"2004-2005","Southeastern Conference","NCAA Division I-A","Basketball",87231795,9128938,96360733
"2004-2005","Southeastern Conference","NCAA Division I-A","Football",407202920,0,407202920
"2004-2005","Southeastern Conference","NCAA Division I-A","Non Football-Basketball",15343141,11500750,26843891
"2005-2006","Atlantic Coast Conference","NCAA Division I-A","Basketball",137324057,17723916,155047973
"2005-2006","Atlantic Coast Conference","NCAA Division I-A","Football",236452058,0,236452058
"2005-2006","Atlantic Coast Conference","NCAA Division I-A","Non Football-Basketball",18784376,22565129,41349505
"2005-2006","Big 12 Conference","NCAA Division I-A","Basketball",68508642,14877994,83386636
"2005-2006","Big 12 Conference","NCAA Division I-A","Football",216572910,0,216572910
"2005-2006","Big 12 Conference","NCAA Division I-A","Non Football-Basketball",24673485,15537335,40210820
"2005-2006","Big Ten Conference","NCAA Division I-A","Basketball",123613076,12294220,135907296
"2005-2006","Big Ten Conference","NCAA Division I-A","Football",390493750,0,390493750
"2005-2006","Big Ten Conference","NCAA Division I-A","Non Football-Basketball",36826091,22790433,59616524
"2005-2006","Other","NCAA Division I-A","Basketball",99228944,33160103,132389047
"2005-2006","Other","NCAA Division I-A","Football",293689062,0,293689062
"2005-2006","Other","NCAA Division I-A","Non Football-Basketball",43743564,68281683,112025247
"2005-2006","Other","NCAA Division I-AA","Basketball",114856251,58879444,173735695
"2005-2006","Other","NCAA Division I-AA","Football",190150413,0,190150413
"2005-2006","Other","NCAA Division I-AA","Non Football-Basketball",116812527,144505614,261318141
"2005-2006","Other","NCAA Division I-AAA","Basketball",138860627,68110182,206970809
"2005-2006","Other","NCAA Division I-AAA","Football",8545283,0,8545283
"2005-2006","Other","NCAA Division I-AAA","Non Football-Basketball",133180537,140707681,273888218
"2005-2006","Other","NCAA Division II","Basketball",80899619,68610867,149510486
"2005-2006","Other","NCAA Division II","Football",109362747,0,109362747
"2005-2006","Other","NCAA Division II","Non Football-Basketball",157964131,166718385,324682516
"2005-2006","Other","NCAA Division III","Basketball",35701891,30541058,66242949
"2005-2006","Other","NCAA Division III","Football",55916115,0,55916115
"2005-2006","Other","NCAA Division III","Non Football-Basketball",116435991,116032730,232468721
"2005-2006","Pacific-12 Conference","NCAA Division I-A","Basketball",69294017,6631181,75925198
"2005-2006","Pacific-12 Conference","NCAA Division I-A","Football",235458877,0,235458877
"2005-2006","Pacific-12 Conference","NCAA Division I-A","Non Football-Basketball",14187149,16468636,30655785
"2005-2006","Southeastern Conference","NCAA Division I-A","Basketball",95682796,10752071,106434867
"2005-2006","Southeastern Conference","NCAA Division I-A","Football",446955635,0,446955635
"2005-2006","Southeastern Conference","NCAA Division I-A","Non Football-Basketball",19718446,16102318,35820764
"2006-2007","Atlantic Coast Conference","NCAA Division I-A","Basketball",141742442,8911358,150653800
"2006-2007","Atlantic Coast Conference","NCAA Division I-A","Football",276660998,0,276660998
"2006-2007","Atlantic Coast Conference","NCAA Division I-A","Non Football-Basketball",20914369,28289658,49204027
"2006-2007","Big 12 Conference","NCAA Division I-A","Basketball",76443943,16370999,92814942
"2006-2007","Big 12 Conference","NCAA Division I-A","Football",233800535,0,233800535
"2006-2007","Big 12 Conference","NCAA Division I-A","Non Football-Basketball",17237682,21167943,38405625
"2006-2007","Big Ten Conference","NCAA Division I-A","Basketball",130679424,11250082,141929506
"2006-2007","Big Ten Conference","NCAA Division I-A","Football",424542040,0,424542040
"2006-2007","Big Ten Conference","NCAA Division I-A","Non Football-Basketball",39251322,27856617,67107939
"2006-2007","Other","NCAA Division I-A","Basketball",102990589,39458943,142449532
"2006-2007","Other","NCAA Division I-A","Football",344853993,0,344853993
"2006-2007","Other","NCAA Division I-A","Non Football-Basketball",55797269,90266337,146063606
"2006-2007","Other","NCAA Division I-AA","Basketball",129852617,66201839,196054456
"2006-2007","Other","NCAA Division I-AA","Football",213797528,0,213797528
"2006-2007","Other","NCAA Division I-AA","Non Football-Basketball",135092494,171399148,306491642
"2006-2007","Other","NCAA Division I-AAA","Basketball",153849436,77157118,231006554
"2006-2007","Other","NCAA Division I-AAA","Football",8670402,0,8670402
"2006-2007","Other","NCAA Division I-AAA","Non Football-Basketball",147896342,163211502,311107844
"2006-2007","Other","NCAA Division II","Basketball",88150726,76569111,164719837
"2006-2007","Other","NCAA Division II","Football",123704327,0,123704327
"2006-2007","Other","NCAA Division II","Non Football-Basketball",172264026,187138476,359402502
"2006-2007","Other","NCAA Division III","Basketball",36699623,32823166,69522789
"2006-2007","Other","NCAA Division III","Football",61540860,0,61540860
"2006-2007","Other","NCAA Division III","Non Football-Basketball",125970182,125730309,251700491
"2006-2007","Pacific-12 Conference","NCAA Division I-A","Basketball",75644085,7249500,82893585
"2006-2007","Pacific-12 Conference","NCAA Division I-A","Football",263424015,0,263424015
"2006-2007","Pacific-12 Conference","NCAA Division I-A","Non Football-Basketball",15007658,19385728,34393386
"2006-2007","Southeastern Conference","NCAA Division I-A","Basketball",104399516,9709148,114108664
"2006-2007","Southeastern Conference","NCAA Division I-A","Football",510284347,0,510284347
"2006-2007","Southeastern Conference","NCAA Division I-A","Non Football-Basketball",20833208,18150497,38983705
"2007-2008","Atlantic Coast Conference","NCAA Division I-A","Basketball",160351610,13022560,173374170
"2007-2008","Atlantic Coast Conference","NCAA Division I-A","Football",282790964,0,282790964
"2007-2008","Atlantic Coast Conference","NCAA Division I-A","Non Football-Basketball",32274025,42800870,75074895
"2007-2008","Big 12 Conference","NCAA Division I-A","Basketball",79046733,14997804,94044537
"2007-2008","Big 12 Conference","NCAA Division I-A","Football",264891191,0,264891191
"2007-2008","Big 12 Conference","NCAA Division I-A","Non Football-Basketball",21159514,24186143,45345657
"2007-2008","Big Ten Conference","NCAA Division I-A","Basketball",150658360,13945709,164604069
"2007-2008","Big Ten Conference","NCAA Division I-A","Football",490068555,0,490068555
"2007-2008","Big Ten Conference","NCAA Division I-A","Non Football-Basketball",42045312,34078468,76123780
"2007-2008","Other","NCAA Division I-A","Basketball",125585921,52923871,178509792
"2007-2008","Other","NCAA Division I-A","Football",397469573,0,397469573
"2007-2008","Other","NCAA Division I-A","Non Football-Basketball",86305664,149875675,236181339
"2007-2008","Other","NCAA Division I-AA","Basketball",142108749,81779299,223888048
"2007-2008","Other","NCAA Division I-AA","Football",244797010,0,244797010
"2007-2008","Other","NCAA Division I-AA","Non Football-Basketball",185072746,247902382,432975128
"2007-2008","Other","NCAA Division I-AAA","Basketball",164002943,87391218,251394161
"2007-2008","Other","NCAA Division I-AAA","Football",8194847,0,8194847
"2007-2008","Other","NCAA Division I-AAA","Non Football-Basketball",186042564,209488326,395530890
"2007-2008","Other","NCAA Division II","Basketball",98768265,86385860,185154125
"2007-2008","Other","NCAA Division II","Football",139552735,0,139552735
"2007-2008","Other","NCAA Division II","Non Football-Basketball",210965573,238907479,449873052
"2007-2008","Other","NCAA Division III","Basketball",43266805,37952070,81218875
"2007-2008","Other","NCAA Division III","Football",70260962,0,70260962
"2007-2008","Other","NCAA Division III","Non Football-Basketball",160439962,162207144,322647106
"2007-2008","Pacific-12 Conference","NCAA Division I-A","Basketball",78691224,6666461,85357685
"2007-2008","Pacific-12 Conference","NCAA Division I-A","Football",292264455,0,292264455
"2007-2008","Pacific-12 Conference","NCAA Division I-A","Non Football-Basketball",18758466,22006095,40764561
"2007-2008","Southeastern Conference","NCAA Division I-A","Basketball",120828864,15211462,136040326
"2007-2008","Southeastern Conference","NCAA Division I-A","Football",572142801,0,572142801
"2007-2008","Southeastern Conference","NCAA Division I-A","Non Football-Basketball",25288946,27866987,53155933
"2008-2009","Atlantic Coast Conference","NCAA Division I-A","Basketball",156936148,12366202,169302350
"2008-2009","Atlantic Coast Conference","NCAA Division I-A","Football",300594672,0,300594672
"2008-2009","Atlantic Coast Conference","NCAA Division I-A","Non Football-Basketball",27894603,37928414,65823017
"2008-2009","Big 12 Conference","NCAA Division I-A","Basketball",85420722,16568040,101988762
"2008-2009","Big 12 Conference","NCAA Division I-A","Football",298142482,0,298142482
"2008-2009","Big 12 Conference","NCAA Division I-A","Non Football-Basketball",18137945,20584709,38722654
"2008-2009","Big Ten Conference","NCAA Division I-A","Basketball",153089060,14108103,167197163
"2008-2009","Big Ten Conference","NCAA Division I-A","Football",507978326,0,507978326
"2008-2009","Big Ten Conference","NCAA Division I-A","Non Football-Basketball",40638675,32246349,72885024
"2008-2009","Other","NCAA Division I-A","Basketball",129980085,54888480,184868565
"2008-2009","Other","NCAA Division I-A","Football",415984743,0,415984743
"2008-2009","Other","NCAA Division I-A","Non Football-Basketball",77596893,137299795,214896688
"2008-2009","Other","NCAA Division I-AA","Basketball",160871618,93372600,254244218
"2008-2009","Other","NCAA Division I-AA","Football",278095883,0,278095883
"2008-2009","Other","NCAA Division I-AA","Non Football-Basketball",169317569,232411672,401729241
"2008-2009","Other","NCAA Division I-AAA","Basketball",183264893,98047130,281312023
"2008-2009","Other","NCAA Division I-AAA","Football",9529978,0,9529978
"2008-2009","Other","NCAA Division I-AAA","Non Football-Basketball",179632069,207354509,386986578
"2008-2009","Other","NCAA Division II","Basketball",107867971,94690324,202558295
"2008-2009","Other","NCAA Division II","Football",150793166,0,150793166
"2008-2009","Other","NCAA Division II","Non Football-Basketball",210339235,246388345,456727580
"2008-2009","Other","NCAA Division III","Basketball",47042099,40637754,87679853
"2008-2009","Other","NCAA Division III","Football",76769285,0,76769285
"2008-2009","Other","NCAA Division III","Non Football-Basketball",163481905,166011813,329493718
"2008-2009","Pacific-12 Conference","NCAA Division I-A","Basketball",83282955,6471696,89754651
"2008-2009","Pacific-12 Conference","NCAA Division I-A","Football",300026289,0,300026289
"2008-2009","Pacific-12 Conference","NCAA Division I-A","Non Football-Basketball",17560249,20129100,37689349
"2008-2009","Southeastern Conference","NCAA Division I-A","Basketball",125901130,14931469,140832599
"2008-2009","Southeastern Conference","NCAA Division I-A","Football",599646034,0,599646034
"2008-2009","Southeastern Conference","NCAA Division I-A","Non Football-Basketball",28599465,23229428,51828893
"2009-2010","Atlantic Coast Conference","NCAA Division I-A","Basketball",180057951,14987594,195045545
"2009-2010","Atlantic Coast Conference","NCAA Division I-A","Football",296436719,0,296436719
"2009-2010","Atlantic Coast Conference","NCAA Division I-A","Non Football-Basketball",34445539,43782141,78227680
"2009-2010","Big 12 Conference","NCAA Division I-A","Basketball",95191222,18863977,114055199
"2009-2010","Big 12 Conference","NCAA Division I-A","Football",331090229,0,331090229
"2009-2010","Big 12 Conference","NCAA Division I-A","Non Football-Basketball",21063310,20564485,41627795
"2009-2010","Big Ten Conference","NCAA Division I-A","Basketball",159450449,14296784,173747233
"2009-2010","Big Ten Conference","NCAA Division I-A","Football",527322765,0,527322765
"2009-2010","Big Ten Conference","NCAA Division I-A","Non Football-Basketball",41650750,34603938,76254688
"2009-2010","Other","NCAA Division I-A","Basketball",141138143,66218920,207357063
"2009-2010","Other","NCAA Division I-A","Football",473496497,0,473496497
"2009-2010","Other","NCAA Division I-A","Non Football-Basketball",91141494,165098117,256239611
"2009-2010","Other","NCAA Division I-AA","Basketball",179586078,104149481,283735559
"2009-2010","Other","NCAA Division I-AA","Football",303235111,0,303235111
"2009-2010","Other","NCAA Division I-AA","Non Football-Basketball",185139086,267366738,452505824
"2009-2010","Other","NCAA Division I-AAA","Basketball",199089657,106286109,305375766
"2009-2010","Other","NCAA Division I-AAA","Football",8608605,0,8608605
"2009-2010","Other","NCAA Division I-AAA","Non Football-Basketball",194961294,227066044,422027338
"2009-2010","Other","NCAA Division II","Basketball",113552237,100900484,214452721
"2009-2010","Other","NCAA Division II","Football",163733219,0,163733219
"2009-2010","Other","NCAA Division II","Non Football-Basketball",222179667,264465490,486645157
"2009-2010","Other","NCAA Division III","Basketball",47600159,41178288,88778447
"2009-2010","Other","NCAA Division III","Football",79157879,0,79157879
"2009-2010","Other","NCAA Division III","Non Football-Basketball",167013712,171209894,338223606
"2009-2010","Pacific-12 Conference","NCAA Division I-A","Basketball",89951969,9695444,99647413
"2009-2010","Pacific-12 Conference","NCAA Division I-A","Football",287256274,0,287256274
"2009-2010","Pacific-12 Conference","NCAA Division I-A","Non Football-Basketball",21886542,28837775,50724317
"2009-2010","Southeastern Conference","NCAA Division I-A","Basketball",143030124,15923547,158953671
"2009-2010","Southeastern Conference","NCAA Division I-A","Football",674457296,0,674457296
"2009-2010","Southeastern Conference","NCAA Division I-A","Non Football-Basketball",32821030,28419349,61240379
"2010-2011","Atlantic Coast Conference","NCAA Division I-A","Basketball",192988604,19813084,212801688
"2010-2011","Atlantic Coast Conference","NCAA Division I-A","Football",330426252,0,330426252
"2010-2011","Atlantic Coast Conference","NCAA Division I-A","Non Football-Basketball",39521730,51860672,91382402
"2010-2011","Big 12 Conference","NCAA Division I-A","Basketball",86505428,16616320,103121748
"2010-2011","Big 12 Conference","NCAA Division I-A","Football",323064419,0,323064419
"2010-2011","Big 12 Conference","NCAA Division I-A","Non Football-Basketball",21445657,24367916,45813573
"2010-2011","Big Ten Conference","NCAA Division I-A","Basketball",166800289,10316694,177116983
"2010-2011","Big Ten Conference","NCAA Division I-A","Football",553939909,0,553939909
"2010-2011","Big Ten Conference","NCAA Division I-A","Non Football-Basketball",44421776,36365855,80787631
"2010-2011","Other","NCAA Division I-A","Basketball",150806240,74549345,225355585
"2010-2011","Other","NCAA Division I-A","Football",512754007,0,512754007
"2010-2011","Other","NCAA Division I-A","Non Football-Basketball",100830415,182418732,283249147
"2010-2011","Other","NCAA Division I-AA","Basketball",177897482,110591985,288489467
"2010-2011","Other","NCAA Division I-AA","Football",328388296,0,328388296
"2010-2011","Other","NCAA Division I-AA","Non Football-Basketball",194062881,289722863,483785744
"2010-2011","Other","NCAA Division I-AAA","Basketball",215725658,115176862,330902520
"2010-2011","Other","NCAA Division I-AAA","Football",1416315,0,1416315
"2010-2011","Other","NCAA Division I-AAA","Non Football-Basketball",207843384,246450395,454293779
"2010-2011","Other","NCAA Division II","Basketball",120402803,105905123,226307926
"2010-2011","Other","NCAA Division II","Football",175046092,0,175046092
"2010-2011","Other","NCAA Division II","Non Football-Basketball",245485765,286050653,531536418
"2010-2011","Other","NCAA Division III","Basketball",49771673,43273972,93045645
"2010-2011","Other","NCAA Division III","Football",84934003,0,84934003
"2010-2011","Other","NCAA Division III","Non Football-Basketball",178486914,182128355,360615269
"2010-2011","Pacific-12 Conference","NCAA Division I-A","Basketball",91150261,10325891,101476152
"2010-2011","Pacific-12 Conference","NCAA Division I-A","Football",300048946,0,300048946
"2010-2011","Pacific-12 Conference","NCAA Division I-A","Non Football-Basketball",27870541,36561503,64432044
"2010-2011","Southeastern Conference","NCAA Division I-A","Basketball",144649414,16912369,161561783
"2010-2011","Southeastern Conference","NCAA Division I-A","Football",710338158,0,710338158
"2010-2011","Southeastern Conference","NCAA Division I-A","Non Football-Basketball",30943772,29894011,60837783
"2011-2012","Atlantic Coast Conference","NCAA Division I-A","Basketball",204533968,22167262,226701230
"2011-2012","Atlantic Coast Conference","NCAA Division I-A","Football",384450022,0,384450022
"2011-2012","Atlantic Coast Conference","NCAA Division I-A","Non Football-Basketball",43084940,74014264,117099204
"2011-2012","Big 12 Conference","NCAA Division I-A","Basketball",106206917,20260494,126467411
"2011-2012","Big 12 Conference","NCAA Division I-A","Football",379786632,0,379786632
"2011-2012","Big 12 Conference","NCAA Division I-A","Non Football-Basketball",23995350,24335062,48330412
"2011-2012","Big Ten Conference","NCAA Division I-A","Basketball",183137328,13884841,197022169
"2011-2012","Big Ten Conference","NCAA Division I-A","Football",589120796,0,589120796
"2011-2012","Big Ten Conference","NCAA Division I-A","Non Football-Basketball",48706041,41471417,90177458
"2011-2012","Other","NCAA Division I-A","Basketball",164708472,81237849,245946321
"2011-2012","Other","NCAA Division I-A","Football",543310707,0,543310707
"2011-2012","Other","NCAA Division I-A","Non Football-Basketball",114801837,205264226,320066063
"2011-2012","Other","NCAA Division I-AA","Basketball",193827547,121685215,315512762
"2011-2012","Other","NCAA Division I-AA","Football",368095402,0,368095402
"2011-2012","Other","NCAA Division I-AA","Non Football-Basketball",204732843,314216301,518949144
"2011-2012","Other","NCAA Division I-AAA","Basketball",225562016,123684797,349246813
"2011-2012","Other","NCAA Division I-AAA","Non Football-Basketball",220866678,263777822,484644500
"2011-2012","Other","NCAA Division II","Basketball",129568971,116082390,245651361
"2011-2012","Other","NCAA Division II","Football",189825228,0,189825228
"2011-2012","Other","NCAA Division II","Non Football-Basketball",269207396,319226592,588433988
"2011-2012","Other","NCAA Division III","Basketball",53414135,45811705,99225840
"2011-2012","Other","NCAA Division III","Football",90995705,0,90995705
"2011-2012","Other","NCAA Division III","Non Football-Basketball",197938128,198833492,396771620
"2011-2012","Pacific-12 Conference","NCAA Division I-A","Basketball",90638801,16249195,106887996
"2011-2012","Pacific-12 Conference","NCAA Division I-A","Football",359154606,0,359154606
"2011-2012","Pacific-12 Conference","NCAA Division I-A","Non Football-Basketball",32187822,62981074,95168896
"2011-2012","Southeastern Conference","NCAA Division I-A","Basketball",144823660,20073241,164896901
"2011-2012","Southeastern Conference","NCAA Division I-A","Football",708154112,0,708154112
"2011-2012","Southeastern Conference","NCAA Division I-A","Non Football-Basketball",41697455,43210234,84907689
"2012-2013","Atlantic Coast Conference","NCAA Division I-A","Basketball",207274224,24766706,232040930
"2012-2013","Atlantic Coast Conference","NCAA Division I-A","Football",411231879,0,411231879
"2012-2013","Atlantic Coast Conference","NCAA Division I-A","Non Football-Basketball",54454699,76230447,130685146
"2012-2013","Big 12 Conference","NCAA Division I-A","Basketball",98811242,19074941,117886183
"2012-2013","Big 12 Conference","NCAA Division I-A","Football",418755183,0,418755183
"2012-2013","Big 12 Conference","NCAA Division I-A","Non Football-Basketball",25891122,34081858,59972980
"2012-2013","Big Ten Conference","NCAA Division I-A","Basketball",195019610,17121757,212141367
"2012-2013","Big Ten Conference","NCAA Division I-A","Football",587384043,0,587384043
"2012-2013","Big Ten Conference","NCAA Division I-A","Non Football-Basketball",61748001,53897775,115645776
"2012-2013","Other","NCAA Division I-A","Basketball",175545773,86041189,261586962
"2012-2013","Other","NCAA Division I-A","Football",566503595,0,566503595
"2012-2013","Other","NCAA Division I-A","Non Football-Basketball",118163840,214651521,332815361
"2012-2013","Other","NCAA Division I-AA","Basketball",201494515,127401550,328896065
"2012-2013","Other","NCAA Division I-AA","Football",383488229,0,383488229
"2012-2013","Other","NCAA Division I-AA","Non Football-Basketball",219558199,338158143,557716342
"2012-2013","Other","NCAA Division I-AAA","Basketball",242529089,131515885,374044974
"2012-2013","Other","NCAA Division I-AAA","Football",1095464,0,1095464
"2012-2013","Other","NCAA Division I-AAA","Non Football-Basketball",242368740,286940507,529309247
"2012-2013","Other","NCAA Division II","Basketball",138215176,121761051,259976227
"2012-2013","Other","NCAA Division II","Football",202133504,0,202133504
"2012-2013","Other","NCAA Division II","Non Football-Basketball",289348992,343015288,632364280
"2012-2013","Other","NCAA Division III","Basketball",55093519,47418123,102511642
"2012-2013","Other","NCAA Division III","Football",93642854,0,93642854
"2012-2013","Other","NCAA Division III","Non Football-Basketball",208074467,213225661,421300128
"2012-2013","Pacific-12 Conference","NCAA Division I-A","Basketball",105565324,27939705,133505029
"2012-2013","Pacific-12 Conference","NCAA Division I-A","Football",435625429,0,435625429
"2012-2013","Pacific-12 Conference","NCAA Division I-A","Non Football-Basketball",30375218,39763006,70138224
"2012-2013","Southeastern Conference","NCAA Division I-A","Basketball",156285933,23435931,179721864
"2012-2013","Southeastern Conference","NCAA Division I-A","Football",759272319,0,759272319
"2012-2013","Southeastern Conference","NCAA Division I-A","Non Football-Basketball",40774904,43834573,84609477
